paper_id,cluster,title,authors,year,venue,doi,primary_url,publication_type,peer_reviewed,system_domain,cross_shard,atomic_commit,formal_method,tla_plus,alloy,executable_implementation,mutation_validation,trace_conformance,verification_cost,artifact_available,reproducibility_evidence,independent_reproduction,main_contribution,method,main_result,main_limitation,gap_vs_dtl_lab,screening_status,exclusion_reason,primary_source_verified,notes
S01,C1;C2;C5,Design and Modular Verification of Distributed Transactions in MongoDB,William Schultz; Murat Demirbas,2025,Proceedings of the VLDB Endowment,10.14778/3750601.3750626,https://www.vldb.org/pvldb/vol18/p5045-schultz.pdf,journal article,yes,distributed cross-shard database transactions,yes,yes,TLA+; TLC explicit-state model checking; model-based test generation,yes,no,yes,no,no,yes,yes,yes,no,modular formal specification of MongoDB distributed transactions and storage-interface conformance testing,TLA+ model checking plus TLC-generated storage test cases executed against WiredTiger,verified isolation properties on bounded models and checked storage-interface implementation behavior,small finite models; published model-based testing does not exercise concurrently executing clients,No Alloy or scientific mutant catalogue; implementation check is model-generated storage testing rather than valid/negative trace conformance; no independent reproduction comparable to Phase 8E,include-direct,,yes,Closest domain comparator identified so far.
S02,C5,Validating Traces of Distributed Programs Against TLA+ Specifications,Horatiu Cirstea; Markus A. Kuppe; Benjamin Loillier; Stephan Merz,2024,SEFM 2024,10.1007/978-3-031-77382-2_8,https://arxiv.org/abs/2404.16075,conference paper,yes,distributed systems trace validation,no,yes,TLA+; TLC constrained model checking,yes,no,yes,no,yes,no,yes,yes,no,general framework for validating partial implementation traces against high-level TLA+ specifications,Java instrumentation plus trace specification and constrained TLC model checking,detected discrepancies across multiple distributed-system case studies,incomplete traces trade lower instrumentation for larger search and can be accepted incorrectly if too little information is logged,"General trace-validation method, not a cross-shard study; no Alloy, mutant layer, frozen multiseed valid/negative campaign, or independent artifact reproduction",include-direct,,yes,DLT-Lab must not claim Java-to-TLA+ trace validation as method novelty.
S03,C5;C6,TraceLinking Implementations with Their Verified Designs,Finn Hackett; Ivan Beschastnikh,2025,Proceedings of the ACM on Programming Languages OOPSLA2,10.1145/3763128,https://www.cs.ubc.ca/~bestchai/papers/oopsla25-trace-link.pdf,journal article,yes,distributed systems generated from MPCal,no,no,MPCal; TLA+; TLC trace validation,yes,no,yes,no,yes,yes,yes,yes,yes,automated trace linking between PGo-generated implementations and verified designs,"compiler-supported instrumentation; generated TLA+ trace interpretation; one-path, all-paths and sidestep validation",found nine previously undetected bugs across three distributed systems,automation depends on PGo/MPCal assumptions; one raftkvs all-paths validation exceeded 12 hours,Not cross-shard; no Alloy or mutation-based property layer; implementation is compiler-generated from the formal source whereas DTL-Lab validates an independently implemented Java protocol,include-direct,,yes,Antithesis reproduced part of the experiments; independent reproduction has partial scope.
S04,C4,Towards Strengthening Formal Specifications with Mutation Model Checking,Maxime Cordy; Sami Lazreg; Axel Legay; Pierre Yves Schobbens,2023,ESEC/FSE 2023,10.1145/3611643.3613080,https://orbilu.uni.lu/handle/10993/59630,conference NIER,yes,formal specification strength assessment,no,no,Promela; LTL; SPIN model checking,no,no,yes,yes,no,no,unclear,unclear,no,mutation model checking to assess and strengthen formal specifications,syntactic Promela mutation plus SPIN checks and mutation-score analysis,existing specifications killed about 60 percent and 40 percent of generated mutants in two case studies,preliminary five-page NIER; proposed strengthening framework not yet fully operational,Not blockchain; no TLA+ or Alloy experiments; broad syntactic mutants rather than a small protocol-targeted scientific mutant catalogue,include-direct,,yes,DLT-Lab applies mutation-based validation but does not synthesize stronger properties.
S05,C2;C3,Technical Report: Exploring Automatic Model-Checking of the Ethereum specification,Igor Konnov; Jure Kukovec; Thomas Pani; Roberto Saltini; Thanh Hai Tran,2025,arXiv technical report,,https://arxiv.org/abs/2501.07958,technical report,no,Ethereum 3SF consensus,no,no,TLA+; Apalache; SMT/CVC5; Alloy,yes,yes,yes,yes,no,yes,yes,yes,no,multi-formalism automated model checking and abstraction study for Ethereum 3SF AccountableSafety,"manual translation from executable Python spec; TLA+ abstractions; Apalache, CVC5 and Alloy experiments",bounded AccountableSafety verification for small instances; deliberate bugs yield counterexamples; larger configurations exhibit severe cost and timeouts,technical report; bounded small instances; runtime variance and very long timeouts; no implementation trace conformance,"Not cross-shard transactions; no runtime implementation-model conformance or independent reproduction comparable to Phase 8E; however it already combines TLA+, Alloy, deliberate defects and verification-cost experiments",include-direct,,yes,Critical comparator that narrows DTL-Lab integration novelty.
S18,C2;C5;C6,Smart Casual Verification of the Confidential Consortium Framework,Heidi Howard; Markus A. Kuppe; Edward Ashton; Amaury Chamayou; Natacha Crooks,2025,NSDI 2025,,https://www.usenix.org/conference/nsdi25/presentation/howard,conference paper,yes,production distributed consensus and client consistency,no,no,TLA+; TLC model checking; simulation; trace validation,yes,no,yes,no,yes,yes,yes,unclear,no,smart casual verification tying TLA+ specifications to a production C++ implementation and CI,"model checking, simulation, automated testing and implementation trace validation",found six subtle safety and liveness bugs before production and integrated validation into CI,substantial initial trace-validation engineering effort; not a cross-shard transaction study,No Alloy or mutation-based property layer and no independent reproduction comparable to Phase 8E; much stronger continuous production integration,include-direct,,yes,Critical comparator for TLA+ plus implementation trace validation plus CI.
S19,C3;C5,Protocol Conformance with Choreographic PlusCal,Darius Foo; Andreea Costea; Wei-Ngan Chin,2023,TASE 2023,10.1007/978-3-031-35257-7_8,https://dariusf.github.io/cpluscal.pdf,conference paper,yes,distributed protocol conformance,no,yes,Choreographic PlusCal; TLA+; TLC; generated monitors,yes,no,yes,no,yes,yes,yes,unclear,no,choreographic protocol specification and compilation of TLA+ models into conformance monitors,project choreography to PlusCal/TLA+ and execute generated Go monitors on observed implementation behavior,demonstrated low monitoring overhead on a 2PC implementation and etcd,monitoring is sound but incomplete and depends on executed assertions and faithful instrumentation,"Not blockchain cross-shard; no Alloy, mutation layer, controlled valid/negative multiseed trace corpus or independent reproduction",include-direct,,yes,Direct methodological comparator for 2PC implementation conformance.
S20,C2;C5,Verifying Zookeeper based on Model-Based runtime Trace-Checking using TLA+,Zhi Niu; Luming Dong; Yong Zhu; Li Chen,2022,ICCSIE 2022,10.1145/3558819.3558822,https://doi.org/10.1145/3558819.3558822,conference paper,yes,ZooKeeper runtime trace checking,no,unclear,TLA+; runtime trace checking,yes,no,yes,unclear,yes,unclear,unclear,unclear,unclear,runtime trace checking of ZooKeeper against a TLA+ model,full text not recovered during G4; no detailed method claims retained,not used for substantive comparison because full text was unavailable,primary full text unavailable during screening,Not assessed beyond metadata,include-supporting,,no,Metadata verified; retain for snowballing only.
S21,C5;C6,Model Checking Guided Testing for Distributed Systems,Dong Wang; Wensheng Dou; Yu Gao; Chenao Wu; Jun Wei; Tao Huang,2023,EuroSys 2023,10.1145/3552326.3587442,https://gaoyu-cn.github.io/paper/2023-eurosys-mocket.pdf,conference paper,yes,distributed systems implementation testing,no,no,TLA+; model checking guided systematic testing,yes,no,yes,no,yes,yes,yes,yes,no,use verified TLA+ state spaces to systematically test distributed-system implementations,"generate tests from verified abstract states, force Java executions and compare runtime states with formal states","found three previously unknown implementation bugs, four known bugs and two specification bugs",manual modelling and mapping effort; coverage depends on abstraction and mapped actions,Not cross-shard blockchain; no Alloy or mutation property validation; stronger state-space-driven implementation testing but no independent reproduction badge,include-direct,,yes,EuroSys artifact has Artifacts Available badge but not Results Reproduced.
S22,C5,Model Checking Guided Incremental Testing for Distributed Systems,Yu Gao; Dong Wang; Wensheng Dou; Wenhan Feng; Yu Liang; Yuan Feng; Jun Wei,2025,Proceedings of the ACM on Software Engineering ISSTA 2025,10.1145/3728883,https://wsdou.github.io/papers/2025-issta-imocket.pdf,journal article,yes,incremental testing of distributed systems,no,no,TLA+; model checking guided incremental testing,yes,no,yes,no,yes,yes,unclear,unclear,no,change-aware incremental model-checking-guided testing,identify affected formal state space and generate implementation tests focused on changed states and transitions,74.83 percent average test-case reduction and 22.54 to 99.99 percent testing-time reduction across 12 change scenarios,cannot automatically detect some changes outside mapped actions or concurrency changes; potentially high state-graph cost,"Methodological evolution of Mocket, not a cross-shard validation study and no Alloy, mutation-property layer or independent reproduction",include-core,,yes,Useful as recent state of the art for implementation-model testing efficiency.
S23,C2;C5;C6,Using Lightweight Formal Methods to Validate a Key-Value Storage Node in Amazon S3,James Bornholt; Rajeev Joshi; Vytautas Astrauskas; Brendan Cully; Bernhard Kragl; Seth Markle; Kyle Sauri; Drew Schleit; Grant Slatton; Serdar Tasiran; Jacob Van Geffen; Andrew Warfield,2021,SOSP 2021,10.1145/3477132.3483540,https://www.amazon.science/publications/using-lightweight-formal-methods-to-validate-a-key-value-storage-node-in-amazon-s3,conference paper,yes,Amazon S3 key-value storage node,no,no,executable Rust reference models; property-based testing; failure injection; stateless model checking,no,no,yes,no,no,yes,unclear,unclear,no,pragmatic multi-technique validation workflow around executable reference models for a production storage system,"decompose correctness properties and apply property-based testing, failure injection and stateless model checking against reference models",prevented 16 issues from reaching production and enabled maintenance by non-formal-methods engineers,lightweight testing and model checking remain incomplete; selected properties and reference models do not cover all system behavior,"Not blockchain cross-shard; no TLA+ or Alloy study, no mutation property validation, no trace-conformance experiment or independent reproduction",include-direct,,yes,Strong comparator against any broad claim that multi-technique implementation validation is novel.
S06,C1,Chainspace: A Sharded Smart Contracts Platform,Mustafa Al-Bassam; Alberto Sonnino; Shehar Bano; Dave Hrycyszyn; George Danezis,2018,NDSS 2018,10.14722/ndss.2018.23241,https://www.ndss-symposium.org/wp-content/uploads/2018/02/ndss2018_09-2_Al-Bassam_paper.pdf,conference paper,yes,sharded smart-contract platform,yes,yes,theorem-based S-BAC consistency and validity arguments,no,no,yes,no,no,no,yes,unclear,no,S-BAC distributed atomic commit protocol for sharded smart contracts,"BFT shard coordination, correctness theorems, Java/BFT-SMaRt prototype and performance evaluation",atomic cross-shard transaction processing with measured scalability and throughput,prototype and bounded deployment evaluation; evidence differs from executable model checking and implementation-model conformance,"No TLA+, Alloy, mutation-property validation, trace conformance, verification-cost study or independent reproduction comparable to DTL-Lab",include-direct,,yes,Seminal domain comparator; theorem-based correctness must not be described as no verification.
S07,C1,"OmniLedger: A Secure, Scale-Out, Decentralized Ledger via Sharding",Eleftherios Kokoris-Kogias; Philipp Jovanovic; Linus Gasser; Nicolas Gailly; Ewa Syta; Bryan Ford,2018,IEEE Symposium on Security and Privacy,10.1109/SP.2018.000-5,https://doi.org/10.1109/SP.2018.000-5,conference paper,yes,sharded distributed ledger,yes,yes,informal security argument for Atomix; protocol analysis,no,no,yes,no,no,no,yes,unclear,no,Atomix client-driven atomic cross-shard transaction protocol within OmniLedger,"lock/unlock proofs across input and output shards, Go prototype, DeterLab performance evaluation",secure scale-out sharding architecture with atomic cross-shard transaction handling and measured performance,Atomix security is argued informally and liveness can depend on another entity completing the protocol after client failure,"No TLA+, Alloy, mutation layer, implementation-model trace conformance, verification-cost characterization or independent reproduction",include-direct,,yes,Seminal Atomix comparator; performance metrics are not verification-cost metrics.
S08,C1,Prophet: Conflict-Free Sharding Blockchain via Byzantine-Tolerant Deterministic Ordering,Zicong Hong; Song Guo; Enyuan Zhou; Jianting Zhang; Wuhui Chen; Jinwen Liang; Jie Zhang; Albert Y. Zomaya,2023,IEEE INFOCOM 2023,10.1109/INFOCOM53939.2023.10228939,https://doi.org/10.1109/INFOCOM53939.2023.10228939,conference paper,yes,sharded blockchain cross-shard execution,yes,yes,analytical proofs of deterministic ordering and serializability,no,no,yes,no,no,no,unclear,unclear,no,Byzantine-tolerant deterministic ordering to reduce cross-shard conflicts and aborts,"ordering architecture, correctness proofs, Geth-based Go prototype and distributed performance experiments",reported up to 3.11x throughput and nearly eliminated aborts in the evaluated workload,focuses on protocol execution efficiency rather than a multi-layer formal validation workflow,"No TLA+, Alloy, mutation-property validation, trace conformance, verification-cost characterization or verified independent reproduction",include-direct,,yes,Protocol-performance comparator; artifact availability remained unclear.
S09,C1,Cross shard leader accountability protocol based on two phase atomic commit,Zhiqiang Du; Wendong Zhang; Liangxin Liu; et al.,2024,Scientific Reports,10.1038/s41598-024-64945-1,https://www.nature.com/articles/s41598-024-64945-1,journal article,yes,cross-shard blockchain transaction protocol,yes,yes,analytical consistency and liveness theorems; time and communication complexity analysis,no,no,yes,no,no,no,yes,yes,no,leader-accountability protocol layered on two-phase atomic commit,"protocol theorems, complexity analysis, Go simulation and Alibaba Cloud experiments",reports lower communication latency while preserving stated consistency and liveness properties,single-protocol simulation rather than a full sharded blockchain and a synchronous network assumption,"No TLA+, Alloy, model checking, mutation-property validation, implementation-model trace conformance or independent reproduction",include-direct,,yes,Public code is explicitly linked by the paper.
S10,C1,Presto: Optimizing Cross-Shard Transactions in Sharded Blockchain Architecture,Qiuyu Ding; Rongkai Zhang; Shenglin Yin; Pengze Li; Shengjie Guan; Zhen Xiao; Jieyi Long,2024,IEEE SRDS 2024,10.1109/SRDS64841.2024.00023,https://doi.org/10.1109/SRDS64841.2024.00023,conference paper,yes,account-state sharded blockchain,yes,unclear,unclear; full text not recovered during G5,unclear,unclear,yes,unclear,unclear,unclear,unclear,unclear,unclear,optimistic pre-execution and pending-tree techniques for cross-shard transaction latency,"abstract reports optimistic pre-execution, pending tree, erasure-coded predistribution and cloud prototype evaluation","abstract reports improvements in throughput, confirmation latency and mempool queue size","primary full text unavailable during G5, preventing strong methodological comparison",Not assessed beyond verified metadata and abstract,include-supporting,,no,Do not infer absence of formal techniques from the abstract.
S11,C1,LightCross: Sharding with Lightweight Cross-Shard Execution for Smart Contracts,Xiaodong Qi; Yi Li,2024,IEEE INFOCOM 2024,10.1109/INFOCOM52122.2024.10621127,https://doi.org/10.1109/INFOCOM52122.2024.10621127,conference paper,yes,sharded blockchain smart contracts,yes,yes,"theorem-based atomicity, serializability and liveness proofs",no,no,yes,no,no,no,unclear,unclear,no,TEE-assisted lightweight cross-shard execution and commit protocol,"correctness theorems, FISCO-BCOS prototype, Ethereum-derived workloads and scalability experiments","reports up to 2.6x throughput with atomicity, serializability and liveness arguments",focuses on protocol correctness and runtime performance rather than executable formal-model validation,"No TLA+, Alloy, mutation-property validation, implementation-model trace conformance, verification-cost characterization or independent reproduction",include-direct,,yes,Theorem-based correctness is explicit and must be represented accurately.
